{"cameraMode":{"drawMode":0,"name":"Shaded","section":"Shading Mode"},"sceneLighting":false,"audioPlay":false,"sceneViewState":{"m_AlwaysRefresh":false,"showFog":true,"showSkybox":false,"showFlares":true,"showImageEffects":true,"showParticleSystems":true,"showVisualEffectGraphs":true,"m_FxEnabled":true},"in2DMode":false,"pivot":{"x":2.0932979583740236,"y":1.8468694686889649,"z":0.28827571868896487},"rotation":{"x":0.5608278512954712,"y":-0.01564258523285389,"z":0.01060328260064125,"w":0.827727735042572},"size":12.869959831237793,"orthographic":true}