{"cameraMode":{"drawMode":0,"name":"Shaded","section":"Shading Mode"},"sceneLighting":true,"audioPlay":false,"sceneViewState":{"m_AlwaysRefresh":false,"showFog":true,"showSkybox":true,"showFlares":true,"showImageEffects":true,"showParticleSystems":true,"showVisualEffectGraphs":true,"m_FxEnabled":true},"in2DMode":false,"pivot":{"x":3.6493682861328127,"y":-7.009055137634277,"z":6.9266133308410648},"rotation":{"x":0.025894636288285257,"y":0.693630576133728,"z":-0.025001714006066324,"w":0.719488263130188},"size":12.108562469482422,"orthographic":true}