{"cameraMode":{"drawMode":0,"name":"Shaded","section":"Shading Mode"},"sceneLighting":false,"audioPlay":false,"sceneViewState":{"m_AlwaysRefresh":false,"showFog":true,"showSkybox":false,"showFlares":true,"showImageEffects":true,"showParticleSystems":true,"showVisualEffectGraphs":true,"m_FxEnabled":true},"in2DMode":false,"pivot":{"x":3.9807519912719728,"y":4.795753002166748,"z":0.30527830123901369},"rotation":{"x":0.018110953271389009,"y":0.7043393850326538,"z":-0.01794908195734024,"w":0.7094433307647705},"size":10.743239402770996,"orthographic":true}