{"cameraMode":{"drawMode":0,"name":"Shaded","section":"Shading Mode"},"sceneLighting":false,"audioPlay":false,"sceneViewState":{"m_AlwaysRefresh":false,"showFog":true,"showSkybox":false,"showFlares":true,"showImageEffects":true,"showParticleSystems":true,"showVisualEffectGraphs":true,"m_FxEnabled":true},"in2DMode":false,"pivot":{"x":2.049999952316284,"y":0.019999980926513673,"z":9.699999809265137},"rotation":{"x":0.17004616558551789,"y":-0.037829458713531497,"z":0.006530425976961851,"w":0.9847046732902527},"size":0.9897156953811646,"orthographic":true}