{"cameraMode":{"drawMode":0,"name":"Shaded","section":"Shading Mode"},"sceneLighting":false,"audioPlay":false,"sceneViewState":{"m_AlwaysRefresh":false,"showFog":true,"showSkybox":false,"showFlares":true,"showImageEffects":true,"showParticleSystems":true,"showVisualEffectGraphs":true,"m_FxEnabled":true},"in2DMode":false,"pivot":{"x":2.0932979583740236,"y":1.8468694686889649,"z":0.28827571868896487},"rotation":{"x":-0.11673519015312195,"y":0.004772139247506857,"z":-0.0005646030185744166,"w":-0.9931751489639282},"size":13.449108123779297,"orthographic":true}